<application>
  <component name="DBNavigator.Application.DatabaseDriverManager">
    <known-driver-classes>
      <library checksum="2027771712" path="$APPLICATION_PLUGINS_DIR$/DBNavigator/lib/ext/bundled-jdbc-sqlite" driver-classes="org.sqlite.JDBC" />
    </known-driver-classes>
  </component>
  <component name="DBNavigator.Application.FileTypeService">
    <original-file-types />
  </component>
  <component name="DBNavigator.Application.PluginConflictManager">
    <plugin-conflict-prompted value="false" />
    <file-types-claimed value="false" />
  </component>
  <component name="DBNavigator.Application.PluginStatusManager">
    <plugin-statuses>
      <status project="$USER_HOME$/PycharmProjects/PizzaDeliveryFastAPI" dbn="PASSIVE" sql="MISSING" />
      <status project="$USER_HOME$/PycharmProjects/PythonDesignPattern" dbn="PASSIVE" sql="MISSING" />
      <status project="$USER_HOME$/PycharmProjects/MP3ify" dbn="PASSIVE" sql="MISSING" />
      <status project="$USER_HOME$/PycharmProjects/PlotlyPOC" dbn="PASSIVE" sql="MISSING" />
      <status project="$USER_HOME$/PycharmProjects/AuthenticationFastAPI" dbn="PASSIVE" sql="MISSING" />
      <status project="$USER_HOME$/PycharmProjects/python-kafka-microservice" dbn="PASSIVE" sql="MISSING" />
      <status project="$USER_HOME$/PycharmProjects/DashMVP" dbn="PASSIVE" sql="MISSING" />
      <status project="$USER_HOME$/PycharmProjects/FastAPIMindBlowing" dbn="PASSIVE" sql="MISSING" />
      <status project="DEFAULT" dbn="PASSIVE" sql="MISSING" />
      <status project="$USER_HOME$/PycharmProjects/PythonEventDrivenProject" dbn="PASSIVE" sql="MISSING" />
    </plugin-statuses>
  </component>
  <component name="DBNavigator.Application.Settings">
    <diagnostics>
      <developer-mode>
        <timeout value="10" />
        <enabled value="false" />
      </developer-mode>
      <debug-logging failsafe-errors="false" database-access="false" database-resource="false" />
      <database-lag enabled="false" connectivity="2000" querying="2000" fetching="500" />
      <miscellaneous dialog-sizing-reset="false" bulk-actions-enabled="false" background-disposer-disabled="false" timeout-handling-disabled="false" />
    </diagnostics>
    <client-id value="1553A21D33744BD9A404E42361261053" />
  </component>
</application>