<application>
  <component name="MaterialThemeConfig">
    <option name="isWizardShown" value="true" />
    <option name="treeFontSizeEnabled" value="true" />
    <option name="tabFontSizeEnabled" value="true" />
    <option name="accentColor" value="79c0ff" />
    <option name="secondAccentColor" />
    <option name="highlightColor" />
    <option name="focusColor" />
    <option name="selectedTheme" value="NATIVE" />
    <option name="userId" value="-3bc7a4d1:18c06f5b9b7:-8000" />
    <option name="version" value="8.13.2" />
  </component>
</application>