<application>
  <component name="ProjectManager">
    <defaultProject>
      <component name="PropertiesComponent"><![CDATA[{
  "keyToString": {
    "settings.editor.selected.configurable": "AtomSettingsConfigurable"
  }
}]]></component>
      <component name="WindowStateProjectService">
        <state x="-133" y="-887" key="SettingsEditor" timestamp="1706889076886">
          <screen x="-605" y="-1055" width="1920" height="1055" />
        </state>
        <state x="-133" y="-887" key="SettingsEditor/0.37.1470.919/-605.-1055.1920.1055" timestamp="1706889076886" />
      </component>
    </defaultProject>
  </component>
</application>