<profile version="1.0">
  <option name="myName" value="Default" />
  <inspection_tool class="PyPackageRequirementsInspection" enabled="true" level="WARNING" enabled_by_default="true">
    <option name="ignoredPackages">
      <value>
        <list size="89">
          <item index="0" class="java.lang.String" itemvalue="tweepy" />
          <item index="1" class="java.lang.String" itemvalue="tzlocal" />
          <item index="2" class="java.lang.String" itemvalue="greenlet" />
          <item index="3" class="java.lang.String" itemvalue="Flask-Security" />
          <item index="4" class="java.lang.String" itemvalue="psycopg2" />
          <item index="5" class="java.lang.String" itemvalue="python-dotenv" />
          <item index="6" class="java.lang.String" itemvalue="marshmallow" />
          <item index="7" class="java.lang.String" itemvalue="Flask-OAuth" />
          <item index="8" class="java.lang.String" itemvalue="kombu" />
          <item index="9" class="java.lang.String" itemvalue="oauth2" />
          <item index="10" class="java.lang.String" itemvalue="plaid-python" />
          <item index="11" class="java.lang.String" itemvalue="redis" />
          <item index="12" class="java.lang.String" itemvalue="Flask-Pydantic" />
          <item index="13" class="java.lang.String" itemvalue="salesforce" />
          <item index="14" class="java.lang.String" itemvalue="python-facebook-api" />
          <item index="15" class="java.lang.String" itemvalue="dat" />
          <item index="16" class="java.lang.String" itemvalue="certifi" />
          <item index="17" class="java.lang.String" itemvalue="oauthlib" />
          <item index="18" class="java.lang.String" itemvalue="stripe" />
          <item index="19" class="java.lang.String" itemvalue="shortuuid" />
          <item index="20" class="java.lang.String" itemvalue="pyparsing" />
          <item index="21" class="java.lang.String" itemvalue="Flask-WTF" />
          <item index="22" class="java.lang.String" itemvalue="paypalrestsdk" />
          <item index="23" class="java.lang.String" itemvalue="google" />
          <item index="24" class="java.lang.String" itemvalue="simple-salesforce" />
          <item index="25" class="java.lang.String" itemvalue="sendgrid" />
          <item index="26" class="java.lang.String" itemvalue="APScheduler" />
          <item index="27" class="java.lang.String" itemvalue="crypto" />
          <item index="28" class="java.lang.String" itemvalue="nulltype" />
          <item index="29" class="java.lang.String" itemvalue="dataclasses-json" />
          <item index="30" class="java.lang.String" itemvalue="Flask-BabelEx" />
          <item index="31" class="java.lang.String" itemvalue="charset-normalizer" />
          <item index="32" class="java.lang.String" itemvalue="Mako" />
          <item index="33" class="java.lang.String" itemvalue="parameters" />
          <item index="34" class="java.lang.String" itemvalue="rq" />
          <item index="35" class="java.lang.String" itemvalue="shellescape" />
          <item index="36" class="java.lang.String" itemvalue="PyJWT" />
          <item index="37" class="java.lang.String" itemvalue="SQLAlchemy" />
          <item index="38" class="java.lang.String" itemvalue="mypy-extensions" />
          <item index="39" class="java.lang.String" itemvalue="httplib2" />
          <item index="40" class="java.lang.String" itemvalue="click-didyoumean" />
          <item index="41" class="java.lang.String" itemvalue="speaklater" />
          <item index="42" class="java.lang.String" itemvalue="celery" />
          <item index="43" class="java.lang.String" itemvalue="smart-open" />
          <item index="44" class="java.lang.String" itemvalue="google-auth-httplib2" />
          <item index="45" class="java.lang.String" itemvalue="prompt-toolkit" />
          <item index="46" class="java.lang.String" itemvalue="Flask-JWT-Extended" />
          <item index="47" class="java.lang.String" itemvalue="pyotp" />
          <item index="48" class="java.lang.String" itemvalue="uritemplate" />
          <item index="49" class="java.lang.String" itemvalue="pymongo" />
          <item index="50" class="java.lang.String" itemvalue="Flask-Social" />
          <item index="51" class="java.lang.String" itemvalue="google-auth-oauthlib" />
          <item index="52" class="java.lang.String" itemvalue="e" />
          <item index="53" class="java.lang.String" itemvalue="resp" />
          <item index="54" class="java.lang.String" itemvalue="amqp" />
          <item index="55" class="java.lang.String" itemvalue="Flask-Principal" />
          <item index="56" class="java.lang.String" itemvalue="tzdata" />
          <item index="57" class="java.lang.String" itemvalue="cachelib" />
          <item index="58" class="java.lang.String" itemvalue="pytest-flask" />
          <item index="59" class="java.lang.String" itemvalue="starkbank-ecdsa" />
          <item index="60" class="java.lang.String" itemvalue="pytz-deprecation-shim" />
          <item index="61" class="java.lang.String" itemvalue="Naked" />
          <item index="62" class="java.lang.String" itemvalue="Flask-Classy" />
          <item index="63" class="java.lang.String" itemvalue="WTForms" />
          <item index="64" class="java.lang.String" itemvalue="importlib-resources" />
          <item index="65" class="java.lang.String" itemvalue="facebook-sdk" />
          <item index="66" class="java.lang.String" itemvalue="python-http-client" />
          <item index="67" class="java.lang.String" itemvalue="typing-inspect" />
          <item index="68" class="java.lang.String" itemvalue="Flask-Mail" />
          <item index="69" class="java.lang.String" itemvalue="Flask-Migrate" />
          <item index="70" class="java.lang.String" itemvalue="typing_extensions" />
          <item index="71" class="java.lang.String" itemvalue="cachetools" />
          <item index="72" class="java.lang.String" itemvalue="google-api-python-client" />
          <item index="73" class="java.lang.String" itemvalue="first" />
          <item index="74" class="java.lang.String" itemvalue="google-auth" />
          <item index="75" class="java.lang.String" itemvalue="username" />
          <item index="76" class="java.lang.String" itemvalue="fastapi" />
          <item index="77" class="java.lang.String" itemvalue="uvicorn" />
          <item index="78" class="java.lang.String" itemvalue="python-decouple" />
          <item index="79" class="java.lang.String" itemvalue="pydantic_core" />
          <item index="80" class="java.lang.String" itemvalue="email-validator" />
          <item index="81" class="java.lang.String" itemvalue="watchfiles" />
          <item index="82" class="java.lang.String" itemvalue="dnspython" />
          <item index="83" class="java.lang.String" itemvalue="PyYAML" />
          <item index="84" class="java.lang.String" itemvalue="starlette" />
          <item index="85" class="java.lang.String" itemvalue="uvloop" />
          <item index="86" class="java.lang.String" itemvalue="fastapi-jwt-auth" />
          <item index="87" class="java.lang.String" itemvalue="httptools" />
          <item index="88" class="java.lang.String" itemvalue="websockets" />
        </list>
      </value>
    </option>
  </inspection_tool>
  <inspection_tool class="PyPep8NamingInspection" enabled="true" level="WEAK WARNING" enabled_by_default="true">
    <option name="ignoredErrors">
      <list>
        <option value="N802" />
        <option value="N803" />
      </list>
    </option>
  </inspection_tool>
  <inspection_tool class="PyShadowingBuiltinsInspection" enabled="true" level="WEAK WARNING" enabled_by_default="true">
    <option name="ignoredNames">
      <list>
        <option value="id" />
      </list>
    </option>
  </inspection_tool>
  <inspection_tool class="VulnerableLibrariesLocal" enabled="true" level="WARNING" enabled_by_default="true">
    <option name="isIgnoringEnabled" value="true" />
    <option name="ignoredModules">
      <list>
        <option value="AuthenticationFastAPI" />
      </list>
    </option>
    <option name="ignoredPackages">
      <list>
        <option value="null:PyJWT:1.7.1" />
      </list>
    </option>
    <option name="ignoredReasons">
      <list>
        <option value="Not exploitable" />
      </list>
    </option>
  </inspection_tool>
</profile>